{
    "1": {
        "Object_local2_p_w_to_L2": [
            -0.20878756046295166,
            -0.6860200762748718,
            0.022528737783432007
        ],
        "Object_local2_R_w_to_L2": [
            0.0040940288454294205,
            -0.005191933363676071,
            -0.8575223684310913,
            0.5144043564796448
        ],
        "Object_local1_p_w_to_o": [
            -0.17253518104553223,
            -0.7252493500709534,
            0.02023540437221527
        ],
        "Object_local1_p_w_1": [
            -0.2536936402320862,
            -0.6231371164321899,
            0.018815532326698303
        ],
        "Object_local1_p_w_2": [
            -0.2727205157279968,
            -0.6433464884757996,
            0.019234418869018555
        ],
        "Object_local1_p_w_3": [
            -0.18240013718605042,
            -0.69333815574646,
            0.019777953624725342
        ],
        "Object_local1_p_w_4": [
            -0.2029886543750763,
            -0.7121481895446777,
            0.0193670392036438
        ],
        "Object_local1_p_w_5": [
            -0.23038350045681,
            -0.7404192090034485,
            0.019986137747764587
        ],
        "Object_local1_p_w_6": [
            -0.21087941527366638,
            -0.760832667350769,
            0.019670799374580383
        ],
        "Object_local1_p_w_7": [
            -0.15453995764255524,
            -0.6657364964485168,
            0.019354090094566345
        ],
        "Object_local1_p_w_8": [
            -0.13446304202079773,
            -0.6840466856956482,
            0.0188693106174469
        ]
    },
    "2": {
        "Object_local2_p_w_to_L2": [
            -0.1445709466934204,
            -0.674300491809845,
            0.022573474794626236
        ],
        "Object_local2_R_w_to_L2": [
            0.0036867849994450808,
            -0.006076873745769262,
            -0.7509139180183411,
            0.6603618860244751
        ],
        "Object_local1_p_w_to_o": [
            -0.09639977663755417,
            -0.6947104930877686,
            0.019529730081558228
        ],
        "Object_local1_p_w_1": [
            -0.20631983876228333,
            -0.6293084025382996,
            0.019181057810783386
        ],
        "Object_local1_p_w_2": [
            -0.21861937642097473,
            -0.6549527049064636,
            0.019601047039031982
        ],
        "Object_local1_p_w_3": [
            -0.11683691293001175,
            -0.6709518432617188,
            0.01950785517692566
        ],
        "Object_local1_p_w_4": [
            -0.12980414927005768,
            -0.6973897814750671,
            0.019466549158096313
        ],
        "Object_local1_p_w_5": [
            -0.14594875276088715,
            -0.7305136322975159,
            0.01891966164112091
        ],
        "Object_local1_p_w_6": [
            -0.12078915536403656,
            -0.7464628219604492,
            0.02017676830291748
        ],
        "Object_local1_p_w_7": [
            -0.0998903289437294,
            -0.6357777118682861,
            0.019107922911643982
        ],
        "Object_local1_p_w_8": [
            -0.07492702454328537,
            -0.6489714980125427,
            0.01950572431087494
        ]
    },
    "3": {
        "Object_local2_p_w_to_L2": [
            -0.2200571447610855,
            -0.761929988861084,
            0.02296941541135311
        ],
        "Object_local2_R_w_to_L2": [
            0.0033504313323646784,
            -0.007828844711184502,
            -0.9525410532951355,
            0.3042912185192108
        ],
        "Object_local1_p_w_to_o": [
            -0.20373579859733582,
            -0.8129054307937622,
            0.021037817001342773
        ],
        "Object_local1_p_w_1": [
            -0.23025284707546234,
            -0.6861653923988342,
            0.019741714000701904
        ],
        "Object_local1_p_w_2": [
            -0.25715917348861694,
            -0.6942335963249207,
            0.01983991265296936
        ],
        "Object_local1_p_w_3": [
            -0.199390709400177,
            -0.7772421836853027,
            0.019071847200393677
        ],
        "Object_local1_p_w_4": [
            -0.22624750435352325,
            -0.7858895063400269,
            0.019176393747329712
        ],
        "Object_local1_p_w_5": [
            -0.2646675705909729,
            -0.7982105016708374,
            0.019208207726478577
        ],
        "Object_local1_p_w_6": [
            -0.25672009587287903,
            -0.8288338780403137,
            0.020833805203437805
        ],
        "Object_local1_p_w_7": [
            -0.16229751706123352,
            -0.7687637209892273,
            0.020184382796287537
        ],
        "Object_local1_p_w_8": [
            -0.1535334587097168,
            -0.7962197661399841,
            0.020670264959335327
        ]
    },
    "4": {
        "Object_local2_p_w_to_L2": [
            -0.1469743251800537,
            -0.9246752858161926,
            0.024254372343420982
        ],
        "Object_local2_R_w_to_L2": [
            0.003270212095230818,
            -0.007623686455190182,
            -0.915490448474884,
            0.40225428342819214
        ],
        "Object_local1_p_w_to_o": [
            -0.12097946554422379,
            -0.9705440402030945,
            0.022138521075248718
        ],
        "Object_local1_p_w_1": [
            -0.17206820845603943,
            -0.8538240790367126,
            0.02156822383403778
        ],
        "Object_local1_p_w_2": [
            -0.19616343080997467,
            -0.8667566776275635,
            0.02146795392036438
        ],
        "Object_local1_p_w_3": [
            -0.12300939112901688,
            -0.9381905198097229,
            0.021816015243530273
        ],
        "Object_local1_p_w_4": [
            -0.1486550271511078,
            -0.9534298777580261,
            0.022052481770515442
        ],
        "Object_local1_p_w_5": [
            -0.18219687044620514,
            -0.9727283120155334,
            0.021979108452796936
        ],
        "Object_local1_p_w_6": [
            -0.16844592988491058,
            -0.9979850649833679,
            0.022070184350013733
        ],
        "Object_local1_p_w_7": [
            -0.08891075849533081,
            -0.9209520220756531,
            0.0221949964761734
        ],
        "Object_local1_p_w_8": [
            -0.0749935731291771,
            -0.9440245032310486,
            0.021836861968040466
        ]
    },
    "5": {
        "Object_local2_p_w_to_L2": [
            -0.2508019506931305,
            -0.7051138281822205,
            0.022607477381825447
        ],
        "Object_local2_R_w_to_L2": [
            0.0031077410094439983,
            -0.007131690625101328,
            -0.9524552822113037,
            -0.30457907915115356
        ],
        "Object_local1_p_w_to_o": [
            -0.2948302626609802,
            -0.7367686629295349,
            0.020333915948867798
        ],
        "Object_local1_p_w_1": [
            -0.18411485850811005,
            -0.6712826490402222,
            0.019913658499717712
        ],
        "Object_local1_p_w_2": [
            -0.20072536170482635,
            -0.6498239040374756,
            0.02010706067085266
        ],
        "Object_local1_p_w_3": [
            -0.26251715421676636,
            -0.7309520840644836,
            0.020325109362602234
        ],
        "Object_local1_p_w_4": [
            -0.2805875241756439,
            -0.7073436379432678,
            0.02037431299686432
        ],
        "Object_local1_p_w_5": [
            -0.30448848009109497,
            -0.6759151816368103,
            0.020311057567596436
        ],
        "Object_local1_p_w_6": [
            -0.3266713321208954,
            -0.693375289440155,
            0.020257890224456787
        ],