{
    "1": {
        "Object_local2_p_w_to_L2": [
            -0.2301686704158783,
            -0.8215009570121765,
            0.022995280101895332
        ],
        "Object_local2_R_w_to_L2": [
            0.004290073178708553,
            0.00401940755546093,
            0.2321014553308487,
            -0.9726738333702087
        ],
        "Object_local1_p_w_to_o": [
            -0.25631242990493774,
            -0.8615164160728455,
            0.02088095247745514
        ],
        "Object_local1_p_w_1": [
            -0.2505909204483032,
            -0.7525280714035034,
            0.0198163241147995
        ],
        "Object_local1_p_w_2": [
            -0.233878493309021,
            -0.759209156036377,
            0.01968318223953247
        ],
        "Object_local1_p_w_3": [
            -0.19661939144134521,
            -0.7745804190635681,
            0.01990284025669098
        ],
        "Object_local1_p_w_4": [
            -0.18007402122020721,
            -0.7820255160331726,
            0.02004462480545044
        ],
        "Object_local1_p_w_5": [
            -0.2653612494468689,
            -0.8350616693496704,
            0.019490614533424377
        ],
        "Object_local1_p_w_6": [
            -0.23237286508083344,
            -0.8527909517288208,
            0.02050262689590454
        ],
        "Object_local1_p_w_7": [
            -0.29064780473709106,
            -0.8449612259864807,
            0.019767552614212036
        ],
        "Object_local1_p_w_8": [
            -0.22140353918075562,
            -0.8752428293228149,
            0.019487082958221436
        ]
    },
    "2": {
        "Object_local2_p_w_to_L2": [
            -0.219545379281044,
            -0.855094313621521,
            0.02337128482758999
        ],
        "Object_local2_R_w_to_L2": [
            0.001595562556758523,
            0.003974173218011856,
            -0.13985013961791992,
            -0.9901634454727173
        ],
        "Object_local1_p_w_to_o": [
            -0.21063172817230225,
            -0.9023197293281555,
            0.021106943488121033
        ],
        "Object_local1_p_w_1": [
            -0.2789422869682312,
            -0.8153344392776489,
            0.019849061965942383
        ],
        "Object_local1_p_w_2": [
            -0.2624019682407379,
            -0.8092301487922668,
            0.01986391842365265
        ],
        "Object_local1_p_w_3": [
            -0.22519266605377197,
            -0.7975912094116211,
            0.020252883434295654
        ],
        "Object_local1_p_w_4": [
            -0.20897546410560608,
            -0.7912124395370483,
            0.019689247012138367
        ],
        "Object_local1_p_w_5": [
            -0.23426668345928192,
            -0.890190601348877,
            0.020734012126922607
        ],
        "Object_local1_p_w_6": [
            -0.1999959796667099,
            -0.8771089911460876,
            0.02064816653728485
        ],
        "Object_local1_p_w_7": [
            -0.2461467683315277,
            -0.914628267288208,
            0.02106638252735138
        ],
        "Object_local1_p_w_8": [
            -0.1758495718240738,
            -0.8876336216926575,
            0.01995953917503357
        ]
    },
    "3": {
        "Object_local2_p_w_to_L2": [
            -0.2922530174255371,
            -0.7567785978317261,
            0.022454217076301575
        ],
        "Object_local2_R_w_to_L2": [
            0.005225744564086199,
            0.004877270199358463,
            0.26207223534584045,
            -0.9650218486785889
        ],
        "Object_local1_p_w_to_o": [
            -0.3213658630847931,
            -0.792604923248291,
            0.01930469274520874
        ],
        "Object_local1_p_w_1": [
            -0.3055315911769867,
            -0.6861832737922668,
            0.01940952241420746
        ],
        "Object_local1_p_w_2": [
            -0.2903057634830475,
            -0.6949903964996338,
            0.019367069005966187
        ],
        "Object_local1_p_w_3": [
            -0.256568044424057,
            -0.7147316932678223,
            0.01930263638496399
        ],
        "Object_local1_p_w_4": [
            -0.24042490124702454,
            -0.7223373651504517,
            0.01898092031478882
        ],
        "Object_local1_p_w_5": [
            -0.32967305183410645,
            -0.7673931121826172,
            0.018771246075630188
        ],
        "Object_local1_p_w_6": [
            -0.29471468925476074,
            -0.7862062454223633,
            0.019207149744033813
        ],
        "Object_local1_p_w_7": [
            -0.35464295744895935,
            -0.776455819606781,
            0.018803849816322327
        ],
        "Object_local1_p_w_8": [
            -0.28927743434906006,
            -0.81192547082901,
            0.018895968794822693
        ]
    },
    "4": {
        "Object_local2_p_w_to_L2": [
            -0.18223221600055695,
            -0.7570722103118896,
            0.022809088230133057
        ],
        "Object_local2_R_w_to_L2": [
            0.00535204354673624,
            0.002459772629663348,
            0.6112982630729675,
            -0.7913784980773926
        ],
        "Object_local1_p_w_to_o": [
            -0.23083749413490295,
            -0.7625418305397034,
            0.019350886344909668
        ],
        "Object_local1_p_w_1": [
            -0.14534327387809753,
            -0.6962885856628418,
            0.019218742847442627
        ],
        "Object_local1_p_w_2": [
            -0.14069205522537231,
            -0.7139884233474731,
            0.0188368558883667
        ],
        "Object_local1_p_w_3": [
            -0.1282579004764557,
            -0.7506282925605774,
            0.0191134512424469
        ],
        "Object_local1_p_w_4": [
            -0.1233421117067337,
            -0.7691399455070496,
            0.0190020352602005
        ],
        "Object_local1_p_w_5": [
            -0.21938520669937134,
            -0.7396600246429443,
            0.01933930814266205
        ],
        "Object_local1_p_w_6": [
            -0.20737871527671814,
            -0.776667594909668,
            0.01980738341808319
        ],
        "Object_local1_p_w_7": [
            -0.2434144765138626,
            -0.7280353307723999,
            0.019708484411239624
        ],
        "Object_local1_p_w_8": [
            -0.21960225701332092,
            -0.7994282245635986,
            0.01970285177230835
        ]
    },
    "5": {
        "Object_local2_p_w_to_L2": [
            -0.24175305664539337,
            -0.6904472708702087,
            0.022202353924512863
        ],
        "Object_local2_R_w_to_L2": [
            0.0028403401374816895,
            0.004173281602561474,
            0.8030391335487366,
            -0.595905065536499
        ],
        "Object_local1_p_w_to_o": [
            -0.2877425253391266,
            -0.6709905862808228,
            0.019324615597724915
        ],
        "Object_local1_p_w_1": [
            -0.17894241213798523,
            -0.6592075824737549,
            0.019557341933250427
        ],
        "Object_local1_p_w_2": [
            -0.18361029028892517,
            -0.6767030358314514,
            0.019459083676338196
        ],
        "Object_local1_p_w_3": [
            -0.19322311878204346,
            -0.7148206233978271,
            0.019716620445251465
        ],
        "Object_local1_p_w_4": [
            -0.19674061238765717,
            -0.7323358654975891,
            0.01970408856868744
        ],
        "Object_local1_p_w_5": [
            -0.2637920379638672,
            -0.6561607718467712,
            0.01978328824043274
        ],
        "Object_local1_p_w_6": [
            -0.2744218111038208,
            -0.6946002244949341,
            0.01916775107383728
        ],